SAMPLE	BIN1	BIN1_CONTIGS	BIN1_GC_BIN	BIN1_GC	BIN1_GD	BIN1_RD	BIN2	BIN2_CONTIGS	BIN2_GC_BIN	BIN2_GC	BIN2_GD	BIN2_RD	MERGE_GC_BIN	MERGE_GC	MERGE_GD	MERGE_RD	MERGE_PATH	MILP_INFEASIBLE	BINS_OVERLAP	IS_SUBSET
abau-SAMN27010270	PBF_P1	Contig:1:93.1918:Circ:8731	4	0.0	0.49291773328217636	1.8358813726424277	PBF_P2	Contig:247:48.7533:8971	4	0.0	0.47505632635451156	1.0315834191927293	0	0	0	0		1	False	0
abau-SAMN27010270	PBF_P1	Contig:1:93.1918:Circ:8731	4	0.0	0.49291773328217636	1.8358813726424277	PBF_P3	Contig:285:23.8241:1080,Contig:513:32.9733:11496	4	0.0	0.8767479715206592	0.5003059252864949	0	0	0	0		1	False	0
abau-SAMN27010270	PBF_P1	Contig:1:93.1918:Circ:8731	4	0.0	0.49291773328217636	1.8358813726424277	PBF_P4	Contig:547:48.6751:8196	4	0.0	0.1082382396759588	1.1219232096167704	0	0	0	0		1	False	0
abau-SAMN27010270	PBF_P1	Contig:1:93.1918:Circ:8731	4	0.0	0.49291773328217636	1.8358813726424277	PBF_P5	Contig:9:42.0192:7712	4	0.0	0.16468620715406157	0.9910541355561123	0	0	0	0		1	False	0
abau-SAMN27010270	PBF_P1	Contig:1:93.1918:Circ:8731	4	0.0	0.49291773328217636	1.8358813726424277	PBF_P6	Contig:6:38.0777:3185	4	0.0	0.21318387790750004	0.8428840664847183	0	0	0	0		1	False	0
abau-SAMN27010270	PBF_P1	Contig:1:93.1918:Circ:8731	4	0.0	0.49291773328217636	1.8358813726424277	PBF_P7	Contig:148:34.3912:2704	4	0.0	0.26644864358250697	0.7831449540318614	0	0	0	0		1	False	0
abau-SAMN27010270	PBF_P1	Contig:1:93.1918:Circ:8731	4	0.0	0.49291773328217636	1.8358813726424277	PBF_P8	Contig:565:42.3994:9218	4	0.0	0.0813335482493257	0.9505295338173818	0	0	0	0		1	False	0
abau-SAMN27010270	PBF_P1	Contig:1:93.1918:Circ:8731	4	0.0	0.49291773328217636	1.8358813726424277	PBF_P9	Contig:591:34.684:5339	4	0.0	0.23287028556013278	0.7951048469522937	0	0	0	0		1	False	0
abau-SAMN27010270	PBF_P1	Contig:1:93.1918:Circ:8731	4	0.0	0.49291773328217636	1.8358813726424277	PBF_P10	Contig:355:29.1161:7891	4	0.0	0.36000339258471425	0.662005053819871	0	0	0	0		1	False	0
abau-SAMN27010270	PBF_P1	Contig:1:93.1918:Circ:8731	4	0.0	0.49291773328217636	1.8358813726424277	PBF_P11	Contig:221:38.1609:7170,Contig:550:99.1659:2274,Contig:347:59.7027:377	4	0.0	0.38356276900116354	0.5934320153766175	0	0	0	0		1	False	0
abau-SAMN27010270	PBF_P1	Contig:1:93.1918:Circ:8731	4	0.0	0.49291773328217636	1.8358813726424277	PBF_P12	Contig:452:37.5065:6588	4	0.0	0.10096321510863038	0.8299319797772512	0	0	0	0		1	False	0
abau-SAMN27010270	PBF_P1	Contig:1:93.1918:Circ:8731	4	0.0	0.49291773328217636	1.8358813726424277	PBF_P13	Contig:61:31.2892:5792	4	0.0	0.23774534099482303	0.6891728137153594	0	0	0	0		1	False	0
abau-SAMN27010270	PBF_P1	Contig:1:93.1918:Circ:8731	4	0.0	0.49291773328217636	1.8358813726424277	PBF_P14	Contig:490:29.8336:2826	4	0.0	0.1642847594473822	0.6772243015863827	0	0	0	0		1	False	0
abau-SAMN27010270	PBF_P1	Contig:1:93.1918:Circ:8731	4	0.0	0.49291773328217636	1.8358813726424277	PBF_P15	Contig:350:31.63:2755	4	0.0	0.10359099640981817	0.7230374101034772	0	0	0	0		1	False	0
abau-SAMN27010270	PBF_P1	Contig:1:93.1918:Circ:8731	4	0.0	0.49291773328217636	1.8358813726424277	PBF_P16	Contig:121:29.1195:3820	4	0.0	0.08570154072246994	0.6682691168788969	0	0	0	0		1	False	0
abau-SAMN27010270	PBF_P1	Contig:1:93.1918:Circ:8731	4	0.0	0.49291773328217636	1.8358813726424277	PBF_P17	Contig:375:28.3095:4369	4	0.0	0.11931824662850488	0.6124803781402423	0	0	0	0		1	False	0
abau-SAMN27010270	PBF_P1	Contig:1:93.1918:Circ:8731	4	0.0	0.49291773328217636	1.8358813726424277	PBF_P18	Contig:493:15.0364:4688	4	0.0	0.2822443026516207	0.3368829506383386	0	0	0	0		1	False	0
abau-SAMN27010270	PBF_P1	Contig:1:93.1918:Circ:8731	4	0.0	0.49291773328217636	1.8358813726424277	PBF_P19	Contig:76:13.0602:4453	4	0.0	0.31612222531183853	0.292255656191583	0	0	0	0		1	False	0
abau-SAMN27010270	PBF_P1	Contig:1:93.1918:Circ:8731	4	0.0	0.49291773328217636	1.8358813726424277	PBF_P20	Contig:433:11.4307:3196	4	0.0	0.2452060201678361	0.26609596185153694	0	0	0	0		1	False	0
abau-SAMN27010270	PBF_P1	Contig:1:93.1918:Circ:8731	4	0.0	0.49291773328217636	1.8358813726424277	PBF_P21	Contig:520:15.7847:5144	4	0.0	0.12186299570198555	0.34657723456096384	0	0	0	0		1	False	0
abau-SAMN27010270	PBF_P2	Contig:247:48.7533:8971	4	0.0	0.47505632635451156	1.0315834191927293	PBF_P3	Contig:285:23.8241:1080,Contig:513:32.9733:11496	4	0.0	0.8767479715206592	0.5003059252864949	0	0	0	0		1	False	0
abau-SAMN27010270	PBF_P2	Contig:247:48.7533:8971	4	0.0	0.47505632635451156	1.0315834191927293	PBF_P4	Contig:547:48.6751:8196	4	0.0	0.1082382396759588	1.1219232096167704	0	0	0	0		1	False	0
abau-SAMN27010270	PBF_P2	Contig:247:48.7533:8971	4	0.0	0.47505632635451156	1.0315834191927293	PBF_P5	Contig:9:42.0192:7712	4	0.0	0.16468620715406157	0.9910541355561123	0	0	0	0		1	False	0
abau-SAMN27010270	PBF_P2	Contig:247:48.7533:8971	4	0.0	0.47505632635451156	1.0315834191927293	PBF_P6	Contig:6:38.0777:3185	4	0.0	0.21318387790750004	0.8428840664847183	0	0	0	0		1	False	0
abau-SAMN27010270	PBF_P2	Contig:247:48.7533:8971	4	0.0	0.47505632635451156	1.0315834191927293	PBF_P7	Contig:148:34.3912:2704	4	0.0	0.26644864358250697	0.7831449540318614	0	0	0	0		1	False	0
abau-SAMN27010270	PBF_P2	Contig:247:48.7533:8971	4	0.0	0.47505632635451156	1.0315834191927293	PBF_P8	Contig:565:42.3994:9218	4	0.0	0.0813335482493257	0.9505295338173818	0	0	0	0		1	False	0
abau-SAMN27010270	PBF_P2	Contig:247:48.7533:8971	4	0.0	0.47505632635451156	1.0315834191927293	PBF_P9	Contig:591:34.684:5339	4	0.0	0.23287028556013278	0.7951048469522937	0	0	0	0		1	False	0
abau-SAMN27010270	PBF_P2	Contig:247:48.7533:8971	4	0.0	0.47505632635451156	1.0315834191927293	PBF_P10	Contig:355:29.1161:7891	4	0.0	0.36000339258471425	0.662005053819871	0	0	0	0		1	False	0
abau-SAMN27010270	PBF_P2	Contig:247:48.7533:8971	4	0.0	0.47505632635451156	1.0315834191927293	PBF_P11	Contig:221:38.1609:7170,Contig:550:99.1659:2274,Contig:347:59.7027:377	4	0.0	0.38356276900116354	0.5934320153766175	0	0	0	0		1	False	0
abau-SAMN27010270	PBF_P2	Contig:247:48.7533:8971	4	0.0	0.47505632635451156	1.0315834191927293	PBF_P12	Contig:452:37.5065:6588	4	0.0	0.10096321510863038	0.8299319797772512	0	0	0	0		1	False	0
abau-SAMN27010270	PBF_P2	Contig:247:48.7533:8971	4	0.0	0.47505632635451156	1.0315834191927293	PBF_P13	Contig:61:31.2892:5792	4	0.0	0.23774534099482303	0.6891728137153594	0	0	0	0		1	False	0
abau-SAMN27010270	PBF_P2	Contig:247:48.7533:8971	4	0.0	0.47505632635451156	1.0315834191927293	PBF_P14	Contig:490:29.8336:2826	4	0.0	0.1642847594473822	0.6772243015863827	0	0	0	0		1	False	0
abau-SAMN27010270	PBF_P2	Contig:247:48.7533:8971	4	0.0	0.47505632635451156	1.0315834191927293	PBF_P15	Contig:350:31.63:2755	4	0.0	0.10359099640981817	0.7230374101034772	0	0	0	0		1	False	0
abau-SAMN27010270	PBF_P2	Contig:247:48.7533:8971	4	0.0	0.47505632635451156	1.0315834191927293	PBF_P16	Contig:121:29.1195:3820	4	0.0	0.08570154072246994	0.6682691168788969	0	0	0	0		1	False	0
abau-SAMN27010270	PBF_P2	Contig:247:48.7533:8971	4	0.0	0.47505632635451156	1.0315834191927293	PBF_P17	Contig:375:28.3095:4369	4	0.0	0.11931824662850488	0.6124803781402423	0	0	0	0		1	False	0
abau-SAMN27010270	PBF_P2	Contig:247:48.7533:8971	4	0.0	0.47505632635451156	1.0315834191927293	PBF_P18	Contig:493:15.0364:4688	4	0.0	0.2822443026516207	0.3368829506383386	0	0	0	0		1	False	0
abau-SAMN27010270	PBF_P2	Contig:247:48.7533:8971	4	0.0	0.47505632635451156	1.0315834191927293	PBF_P19	Contig:76:13.0602:4453	4	0.0	0.31612222531183853	0.292255656191583	0	0	0	0		1	False	0
abau-SAMN27010270	PBF_P2	Contig:247:48.7533:8971	4	0.0	0.47505632635451156	1.0315834191927293	PBF_P20	Contig:433:11.4307:3196	4	0.0	0.2452060201678361	0.26609596185153694	0	0	0	0		1	False	0
abau-SAMN27010270	PBF_P2	Contig:247:48.7533:8971	4	0.0	0.47505632635451156	1.0315834191927293	PBF_P21	Contig:520:15.7847:5144	4	0.0	0.12186299570198555	0.34657723456096384	0	0	0	0		1	False	0
abau-SAMN27010270	PBF_P3	Contig:285:23.8241:1080,Contig:513:32.9733:11496	4	0.0	0.8767479715206592	0.5003059252864949	PBF_P4	Contig:547:48.6751:8196	4	0.0	0.1082382396759588	1.1219232096167704	0	0	0	0		1	False	0
abau-SAMN27010270	PBF_P3	Contig:285:23.8241:1080,Contig:513:32.9733:11496	4	0.0	0.8767479715206592	0.5003059252864949	PBF_P5	Contig:9:42.0192:7712	4	0.0	0.16468620715406157	0.9910541355561123	0	0	0	0		1	False	0
abau-SAMN27010270	PBF_P3	Contig:285:23.8241:1080,Contig:513:32.9733:11496	4	0.0	0.8767479715206592	0.5003059252864949	PBF_P6	Contig:6:38.0777:3185	4	0.0	0.21318387790750004	0.8428840664847183	0	0	0	0		1	False	0
abau-SAMN27010270	PBF_P3	Contig:285:23.8241:1080,Contig:513:32.9733:11496	4	0.0	0.8767479715206592	0.5003059252864949	PBF_P7	Contig:148:34.3912:2704	4	0.0	0.26644864358250697	0.7831449540318614	0	0	0	0		1	False	0
abau-SAMN27010270	PBF_P3	Contig:285:23.8241:1080,Contig:513:32.9733:11496	4	0.0	0.8767479715206592	0.5003059252864949	PBF_P8	Contig:565:42.3994:9218	4	0.0	0.0813335482493257	0.9505295338173818	0	0	0	0		1	False	0
abau-SAMN27010270	PBF_P3	Contig:285:23.8241:1080,Contig:513:32.9733:11496	4	0.0	0.8767479715206592	0.5003059252864949	PBF_P9	Contig:591:34.684:5339	4	0.0	0.23287028556013278	0.7951048469522937	0	0	0	0		1	False	0
abau-SAMN27010270	PBF_P3	Contig:285:23.8241:1080,Contig:513:32.9733:11496	4	0.0	0.8767479715206592	0.5003059252864949	PBF_P10	Contig:355:29.1161:7891	4	0.0	0.36000339258471425	0.662005053819871	0	0	0	0		1	False	0
abau-SAMN27010270	PBF_P3	Contig:285:23.8241:1080,Contig:513:32.9733:11496	4	0.0	0.8767479715206592	0.5003059252864949	PBF_P11	Contig:221:38.1609:7170,Contig:550:99.1659:2274,Contig:347:59.7027:377	4	0.0	0.38356276900116354	0.5934320153766175	0	0	0	0		1	False	0
abau-SAMN27010270	PBF_P3	Contig:285:23.8241:1080,Contig:513:32.9733:11496	4	0.0	0.8767479715206592	0.5003059252864949	PBF_P12	Contig:452:37.5065:6588	4	0.0	0.10096321510863038	0.8299319797772512	0	0	0	0		1	False	0
abau-SAMN27010270	PBF_P3	Contig:285:23.8241:1080,Contig:513:32.9733:11496	4	0.0	0.8767479715206592	0.5003059252864949	PBF_P13	Contig:61:31.2892:5792	4	0.0	0.23774534099482303	0.6891728137153594	0	0	0	0		1	False	0
abau-SAMN27010270	PBF_P3	Contig:285:23.8241:1080,Contig:513:32.9733:11496	4	0.0	0.8767479715206592	0.5003059252864949	PBF_P14	Contig:490:29.8336:2826	4	0.0	0.1642847594473822	0.6772243015863827	0	0	0	0		1	False	0
abau-SAMN27010270	PBF_P3	Contig:285:23.8241:1080,Contig:513:32.9733:11496	4	0.0	0.8767479715206592	0.5003059252864949	PBF_P15	Contig:350:31.63:2755	4	0.0	0.10359099640981817	0.7230374101034772	0	0	0	0		1	False	0
abau-SAMN27010270	PBF_P3	Contig:285:23.8241:1080,Contig:513:32.9733:11496	4	0.0	0.8767479715206592	0.5003059252864949	PBF_P16	Contig:121:29.1195:3820	4	0.0	0.08570154072246994	0.6682691168788969	0	0	0	0		1	False	0
abau-SAMN27010270	PBF_P3	Contig:285:23.8241:1080,Contig:513:32.9733:11496	4	0.0	0.8767479715206592	0.5003059252864949	PBF_P17	Contig:375:28.3095:4369	4	0.0	0.11931824662850488	0.6124803781402423	0	0	0	0		1	False	0
abau-SAMN27010270	PBF_P3	Contig:285:23.8241:1080,Contig:513:32.9733:11496	4	0.0	0.8767479715206592	0.5003059252864949	PBF_P18	Contig:493:15.0364:4688	4	0.0	0.2822443026516207	0.3368829506383386	0	0	0	0		1	False	0
abau-SAMN27010270	PBF_P3	Contig:285:23.8241:1080,Contig:513:32.9733:11496	4	0.0	0.8767479715206592	0.5003059252864949	PBF_P19	Contig:76:13.0602:4453	4	0.0	0.31612222531183853	0.292255656191583	0	0	0	0		1	False	0
abau-SAMN27010270	PBF_P3	Contig:285:23.8241:1080,Contig:513:32.9733:11496	4	0.0	0.8767479715206592	0.5003059252864949	PBF_P20	Contig:433:11.4307:3196	4	0.0	0.2452060201678361	0.26609596185153694	0	0	0	0		1	False	0
abau-SAMN27010270	PBF_P3	Contig:285:23.8241:1080,Contig:513:32.9733:11496	4	0.0	0.8767479715206592	0.5003059252864949	PBF_P21	Contig:520:15.7847:5144	4	0.0	0.12186299570198555	0.34657723456096384	0	0	0	0		1	False	0
abau-SAMN27010270	PBF_P4	Contig:547:48.6751:8196	4	0.0	0.1082382396759588	1.1219232096167704	PBF_P5	Contig:9:42.0192:7712	4	0.0	0.16468620715406157	0.9910541355561123	0	0	0	0		1	False	0
abau-SAMN27010270	PBF_P4	Contig:547:48.6751:8196	4	0.0	0.1082382396759588	1.1219232096167704	PBF_P6	Contig:6:38.0777:3185	4	0.0	0.21318387790750004	0.8428840664847183	0	0	0	0		1	False	0
abau-SAMN27010270	PBF_P4	Contig:547:48.6751:8196	4	0.0	0.1082382396759588	1.1219232096167704	PBF_P7	Contig:148:34.3912:2704	4	0.0	0.26644864358250697	0.7831449540318614	0	0	0	0		1	False	0
abau-SAMN27010270	PBF_P4	Contig:547:48.6751:8196	4	0.0	0.1082382396759588	1.1219232096167704	PBF_P8	Contig:565:42.3994:9218	4	0.0	0.0813335482493257	0.9505295338173818	0	0	0	0		1	False	0
abau-SAMN27010270	PBF_P4	Contig:547:48.6751:8196	4	0.0	0.1082382396759588	1.1219232096167704	PBF_P9	Contig:591:34.684:5339	4	0.0	0.23287028556013278	0.7951048469522937	0	0	0	0		1	False	0
abau-SAMN27010270	PBF_P4	Contig:547:48.6751:8196	4	0.0	0.1082382396759588	1.1219232096167704	PBF_P10	Contig:355:29.1161:7891	4	0.0	0.36000339258471425	0.662005053819871	0	0	0	0		1	False	0
abau-SAMN27010270	PBF_P4	Contig:547:48.6751:8196	4	0.0	0.1082382396759588	1.1219232096167704	PBF_P11	Contig:221:38.1609:7170,Contig:550:99.1659:2274,Contig:347:59.7027:377	4	0.0	0.38356276900116354	0.5934320153766175	0	0	0	0		1	False	0
abau-SAMN27010270	PBF_P4	Contig:547:48.6751:8196	4	0.0	0.1082382396759588	1.1219232096167704	PBF_P12	Contig:452:37.5065:6588	4	0.0	0.10096321510863038	0.8299319797772512	0	0	0	0		1	False	0
abau-SAMN27010270	PBF_P4	Contig:547:48.6751:8196	4	0.0	0.1082382396759588	1.1219232096167704	PBF_P13	Contig:61:31.2892:5792	4	0.0	0.23774534099482303	0.6891728137153594	0	0	0	0		1	False	0
abau-SAMN27010270	PBF_P4	Contig:547:48.6751:8196	4	0.0	0.1082382396759588	1.1219232096167704	PBF_P14	Contig:490:29.8336:2826	4	0.0	0.1642847594473822	0.6772243015863827	0	0	0	0		1	False	0
abau-SAMN27010270	PBF_P4	Contig:547:48.6751:8196	4	0.0	0.1082382396759588	1.1219232096167704	PBF_P15	Contig:350:31.63:2755	4	0.0	0.10359099640981817	0.7230374101034772	0	0	0	0		1	False	0
abau-SAMN27010270	PBF_P4	Contig:547:48.6751:8196	4	0.0	0.1082382396759588	1.1219232096167704	PBF_P16	Contig:121:29.1195:3820	4	0.0	0.08570154072246994	0.6682691168788969	0	0	0	0		1	False	0
abau-SAMN27010270	PBF_P4	Contig:547:48.6751:8196	4	0.0	0.1082382396759588	1.1219232096167704	PBF_P17	Contig:375:28.3095:4369	4	0.0	0.11931824662850488	0.6124803781402423	0	0	0	0		1	False	0
abau-SAMN27010270	PBF_P4	Contig:547:48.6751:8196	4	0.0	0.1082382396759588	1.1219232096167704	PBF_P18	Contig:493:15.0364:4688	4	0.0	0.2822443026516207	0.3368829506383386	0	0	0	0		1	False	0
abau-SAMN27010270	PBF_P4	Contig:547:48.6751:8196	4	0.0	0.1082382396759588	1.1219232096167704	PBF_P19	Contig:76:13.0602:4453	4	0.0	0.31612222531183853	0.292255656191583	0	0	0	0		1	False	0
abau-SAMN27010270	PBF_P4	Contig:547:48.6751:8196	4	0.0	0.1082382396759588	1.1219232096167704	PBF_P20	Contig:433:11.4307:3196	4	0.0	0.2452060201678361	0.26609596185153694	0	0	0	0		1	False	0
abau-SAMN27010270	PBF_P4	Contig:547:48.6751:8196	4	0.0	0.1082382396759588	1.1219232096167704	PBF_P21	Contig:520:15.7847:5144	4	0.0	0.12186299570198555	0.34657723456096384	0	0	0	0		1	False	0
abau-SAMN27010270	PBF_P5	Contig:9:42.0192:7712	4	0.0	0.16468620715406157	0.9910541355561123	PBF_P6	Contig:6:38.0777:3185	4	0.0	0.21318387790750004	0.8428840664847183	0	0	0	0		1	False	0
abau-SAMN27010270	PBF_P5	Contig:9:42.0192:7712	4	0.0	0.16468620715406157	0.9910541355561123	PBF_P7	Contig:148:34.3912:2704	4	0.0	0.26644864358250697	0.7831449540318614	0	0	0	0		1	False	0
abau-SAMN27010270	PBF_P5	Contig:9:42.0192:7712	4	0.0	0.16468620715406157	0.9910541355561123	PBF_P8	Contig:565:42.3994:9218	4	0.0	0.0813335482493257	0.9505295338173818	0	0	0	0		1	False	0
abau-SAMN27010270	PBF_P5	Contig:9:42.0192:7712	4	0.0	0.16468620715406157	0.9910541355561123	PBF_P9	Contig:591:34.684:5339	4	0.0	0.23287028556013278	0.7951048469522937	0	0	0	0		1	False	0
abau-SAMN27010270	PBF_P5	Contig:9:42.0192:7712	4	0.0	0.16468620715406157	0.9910541355561123	PBF_P10	Contig:355:29.1161:7891	4	0.0	0.36000339258471425	0.662005053819871	0	0	0	0		1	False	0
abau-SAMN27010270	PBF_P5	Contig:9:42.0192:7712	4	0.0	0.16468620715406157	0.9910541355561123	PBF_P11	Contig:221:38.1609:7170,Contig:550:99.1659:2274,Contig:347:59.7027:377	4	0.0	0.38356276900116354	0.5934320153766175	0	0	0	0		1	False	0
abau-SAMN27010270	PBF_P5	Contig:9:42.0192:7712	4	0.0	0.16468620715406157	0.9910541355561123	PBF_P12	Contig:452:37.5065:6588	4	0.0	0.10096321510863038	0.8299319797772512	0	0	0	0		1	False	0
abau-SAMN27010270	PBF_P5	Contig:9:42.0192:7712	4	0.0	0.16468620715406157	0.9910541355561123	PBF_P13	Contig:61:31.2892:5792	4	0.0	0.23774534099482303	0.6891728137153594	0	0	0	0		1	False	0
abau-SAMN27010270	PBF_P5	Contig:9:42.0192:7712	4	0.0	0.16468620715406157	0.9910541355561123	PBF_P14	Contig:490:29.8336:2826	4	0.0	0.1642847594473822	0.6772243015863827	0	0	0	0		1	False	0
abau-SAMN27010270	PBF_P5	Contig:9:42.0192:7712	4	0.0	0.16468620715406157	0.9910541355561123	PBF_P15	Contig:350:31.63:2755	4	0.0	0.10359099640981817	0.7230374101034772	0	0	0	0		1	False	0
abau-SAMN27010270	PBF_P5	Contig:9:42.0192:7712	4	0.0	0.16468620715406157	0.9910541355561123	PBF_P16	Contig:121:29.1195:3820	4	0.0	0.08570154072246994	0.6682691168788969	0	0	0	0		1	False	0
abau-SAMN27010270	PBF_P5	Contig:9:42.0192:7712	4	0.0	0.16468620715406157	0.9910541355561123	PBF_P17	Contig:375:28.3095:4369	4	0.0	0.11931824662850488	0.6124803781402423	0	0	0	0		1	False	0
abau-SAMN27010270	PBF_P5	Contig:9:42.0192:7712	4	0.0	0.16468620715406157	0.9910541355561123	PBF_P18	Contig:493:15.0364:4688	4	0.0	0.2822443026516207	0.3368829506383386	0	0	0	0		1	False	0
abau-SAMN27010270	PBF_P5	Contig:9:42.0192:7712	4	0.0	0.16468620715406157	0.9910541355561123	PBF_P19	Contig:76:13.0602:4453	4	0.0	0.31612222531183853	0.292255656191583	0	0	0	0		1	False	0
abau-SAMN27010270	PBF_P5	Contig:9:42.0192:7712	4	0.0	0.16468620715406157	0.9910541355561123	PBF_P20	Contig:433:11.4307:3196	4	0.0	0.2452060201678361	0.26609596185153694	0	0	0	0		1	False	0
abau-SAMN27010270	PBF_P5	Contig:9:42.0192:7712	4	0.0	0.16468620715406157	0.9910541355561123	PBF_P21	Contig:520:15.7847:5144	4	0.0	0.12186299570198555	0.34657723456096384	0	0	0	0		1	False	0
abau-SAMN27010270	PBF_P6	Contig:6:38.0777:3185	4	0.0	0.21318387790750004	0.8428840664847183	PBF_P7	Contig:148:34.3912:2704	4	0.0	0.26644864358250697	0.7831449540318614	0	0	0	0		1	False	0
abau-SAMN27010270	PBF_P6	Contig:6:38.0777:3185	4	0.0	0.21318387790750004	0.8428840664847183	PBF_P8	Contig:565:42.3994:9218	4	0.0	0.0813335482493257	0.9505295338173818	0	0	0	0		1	False	0
abau-SAMN27010270	PBF_P6	Contig:6:38.0777:3185	4	0.0	0.21318387790750004	0.8428840664847183	PBF_P9	Contig:591:34.684:5339	4	0.0	0.23287028556013278	0.7951048469522937	0	0	0	0		1	False	0
abau-SAMN27010270	PBF_P6	Contig:6:38.0777:3185	4	0.0	0.21318387790750004	0.8428840664847183	PBF_P10	Contig:355:29.1161:7891	4	0.0	0.36000339258471425	0.662005053819871	0	0	0	0		1	False	0
abau-SAMN27010270	PBF_P6	Contig:6:38.0777:3185	4	0.0	0.21318387790750004	0.8428840664847183	PBF_P11	Contig:221:38.1609:7170,Contig:550:99.1659:2274,Contig:347:59.7027:377	4	0.0	0.38356276900116354	0.5934320153766175	0	0	0	0		1	False	0
abau-SAMN27010270	PBF_P6	Contig:6:38.0777:3185	4	0.0	0.21318387790750004	0.8428840664847183	PBF_P12	Contig:452:37.5065:6588	4	0.0	0.10096321510863038	0.8299319797772512	0	0	0	0		1	False	0
abau-SAMN27010270	PBF_P6	Contig:6:38.0777:3185	4	0.0	0.21318387790750004	0.8428840664847183	PBF_P13	Contig:61:31.2892:5792	4	0.0	0.23774534099482303	0.6891728137153594	0	0	0	0		1	False	0
abau-SAMN27010270	PBF_P6	Contig:6:38.0777:3185	4	0.0	0.21318387790750004	0.8428840664847183	PBF_P14	Contig:490:29.8336:2826	4	0.0	0.1642847594473822	0.6772243015863827	0	0	0	0		1	False	0
abau-SAMN27010270	PBF_P6	Contig:6:38.0777:3185	4	0.0	0.21318387790750004	0.8428840664847183	PBF_P15	Contig:350:31.63:2755	4	0.0	0.10359099640981817	0.7230374101034772	0	0	0	0		1	False	0
abau-SAMN27010270	PBF_P6	Contig:6:38.0777:3185	4	0.0	0.21318387790750004	0.8428840664847183	PBF_P16	Contig:121:29.1195:3820	4	0.0	0.08570154072246994	0.6682691168788969	0	0	0	0		1	False	0
abau-SAMN27010270	PBF_P6	Contig:6:38.0777:3185	4	0.0	0.21318387790750004	0.8428840664847183	PBF_P17	Contig:375:28.3095:4369	4	0.0	0.11931824662850488	0.6124803781402423	0	0	0	0		1	False	0
abau-SAMN27010270	PBF_P6	Contig:6:38.0777:3185	4	0.0	0.21318387790750004	0.8428840664847183	PBF_P18	Contig:493:15.0364:4688	4	0.0	0.2822443026516207	0.3368829506383386	0	0	0	0		1	False	0
abau-SAMN27010270	PBF_P6	Contig:6:38.0777:3185	4	0.0	0.21318387790750004	0.8428840664847183	PBF_P19	Contig:76:13.0602:4453	4	0.0	0.31612222531183853	0.292255656191583	0	0	0	0		1	False	0
abau-SAMN27010270	PBF_P6	Contig:6:38.0777:3185	4	0.0	0.21318387790750004	0.8428840664847183	PBF_P20	Contig:433:11.4307:3196	4	0.0	0.2452060201678361	0.26609596185153694	0	0	0	0		1	False	0
abau-SAMN27010270	PBF_P6	Contig:6:38.0777:3185	4	0.0	0.21318387790750004	0.8428840664847183	PBF_P21	Contig:520:15.7847:5144	4	0.0	0.12186299570198555	0.34657723456096384	0	0	0	0		1	False	0
abau-SAMN27010270	PBF_P7	Contig:148:34.3912:2704	4	0.0	0.26644864358250697	0.7831449540318614	PBF_P8	Contig:565:42.3994:9218	4	0.0	0.0813335482493257	0.9505295338173818	0	0	0	0		1	False	0
abau-SAMN27010270	PBF_P7	Contig:148:34.3912:2704	4	0.0	0.26644864358250697	0.7831449540318614	PBF_P9	Contig:591:34.684:5339	4	0.0	0.23287028556013278	0.7951048469522937	0	0	0	0		1	False	0
abau-SAMN27010270	PBF_P7	Contig:148:34.3912:2704	4	0.0	0.26644864358250697	0.7831449540318614	PBF_P10	Contig:355:29.1161:7891	4	0.0	0.36000339258471425	0.662005053819871	0	0	0	0		1	False	0
abau-SAMN27010270	PBF_P7	Contig:148:34.3912:2704	4	0.0	0.26644864358250697	0.7831449540318614	PBF_P11	Contig:221:38.1609:7170,Contig:550:99.1659:2274,Contig:347:59.7027:377	4	0.0	0.38356276900116354	0.5934320153766175	0	0	0	0		1	False	0
abau-SAMN27010270	PBF_P7	Contig:148:34.3912:2704	4	0.0	0.26644864358250697	0.7831449540318614	PBF_P12	Contig:452:37.5065:6588	4	0.0	0.10096321510863038	0.8299319797772512	0	0	0	0		1	False	0
abau-SAMN27010270	PBF_P7	Contig:148:34.3912:2704	4	0.0	0.26644864358250697	0.7831449540318614	PBF_P13	Contig:61:31.2892:5792	4	0.0	0.23774534099482303	0.6891728137153594	0	0	0	0		1	False	0
abau-SAMN27010270	PBF_P7	Contig:148:34.3912:2704	4	0.0	0.26644864358250697	0.7831449540318614	PBF_P14	Contig:490:29.8336:2826	4	0.0	0.1642847594473822	0.6772243015863827	0	0	0	0		1	False	0
abau-SAMN27010270	PBF_P7	Contig:148:34.3912:2704	4	0.0	0.26644864358250697	0.7831449540318614	PBF_P15	Contig:350:31.63:2755	4	0.0	0.10359099640981817	0.7230374101034772	0	0	0	0		1	False	0
abau-SAMN27010270	PBF_P7	Contig:148:34.3912:2704	4	0.0	0.26644864358250697	0.7831449540318614	PBF_P16	Contig:121:29.1195:3820	4	0.0	0.08570154072246994	0.6682691168788969	0	0	0	0		1	False	0
abau-SAMN27010270	PBF_P7	Contig:148:34.3912:2704	4	0.0	0.26644864358250697	0.7831449540318614	PBF_P17	Contig:375:28.3095:4369	4	0.0	0.11931824662850488	0.6124803781402423	0	0	0	0		1	False	0
abau-SAMN27010270	PBF_P7	Contig:148:34.3912:2704	4	0.0	0.26644864358250697	0.7831449540318614	PBF_P18	Contig:493:15.0364:4688	4	0.0	0.2822443026516207	0.3368829506383386	0	0	0	0		1	False	0
abau-SAMN27010270	PBF_P7	Contig:148:34.3912:2704	4	0.0	0.26644864358250697	0.7831449540318614	PBF_P19	Contig:76:13.0602:4453	4	0.0	0.31612222531183853	0.292255656191583	0	0	0	0		1	False	0
abau-SAMN27010270	PBF_P7	Contig:148:34.3912:2704	4	0.0	0.26644864358250697	0.7831449540318614	PBF_P20	Contig:433:11.4307:3196	4	0.0	0.2452060201678361	0.26609596185153694	0	0	0	0		1	False	0
abau-SAMN27010270	PBF_P7	Contig:148:34.3912:2704	4	0.0	0.26644864358250697	0.7831449540318614	PBF_P21	Contig:520:15.7847:5144	4	0.0	0.12186299570198555	0.34657723456096384	0	0	0	0		1	False	0
abau-SAMN27010270	PBF_P8	Contig:565:42.3994:9218	4	0.0	0.0813335482493257	0.9505295338173818	PBF_P9	Contig:591:34.684:5339	4	0.0	0.23287028556013278	0.7951048469522937	0	0	0	0		1	False	0
abau-SAMN27010270	PBF_P8	Contig:565:42.3994:9218	4	0.0	0.0813335482493257	0.9505295338173818	PBF_P10	Contig:355:29.1161:7891	4	0.0	0.36000339258471425	0.662005053819871	0	0	0	0		1	False	0
abau-SAMN27010270	PBF_P8	Contig:565:42.3994:9218	4	0.0	0.0813335482493257	0.9505295338173818	PBF_P11	Contig:221:38.1609:7170,Contig:550:99.1659:2274,Contig:347:59.7027:377	4	0.0	0.38356276900116354	0.5934320153766175	0	0	0	0		1	False	0
abau-SAMN27010270	PBF_P8	Contig:565:42.3994:9218	4	0.0	0.0813335482493257	0.9505295338173818	PBF_P12	Contig:452:37.5065:6588	4	0.0	0.10096321510863038	0.8299319797772512	0	0	0	0		1	False	0
abau-SAMN27010270	PBF_P8	Contig:565:42.3994:9218	4	0.0	0.0813335482493257	0.9505295338173818	PBF_P13	Contig:61:31.2892:5792	4	0.0	0.23774534099482303	0.6891728137153594	0	0	0	0		1	False	0
abau-SAMN27010270	PBF_P8	Contig:565:42.3994:9218	4	0.0	0.0813335482493257	0.9505295338173818	PBF_P14	Contig:490:29.8336:2826	4	0.0	0.1642847594473822	0.6772243015863827	0	0	0	0		1	False	0
abau-SAMN27010270	PBF_P8	Contig:565:42.3994:9218	4	0.0	0.0813335482493257	0.9505295338173818	PBF_P15	Contig:350:31.63:2755	4	0.0	0.10359099640981817	0.7230374101034772	0	0	0	0		1	False	0
abau-SAMN27010270	PBF_P8	Contig:565:42.3994:9218	4	0.0	0.0813335482493257	0.9505295338173818	PBF_P16	Contig:121:29.1195:3820	4	0.0	0.08570154072246994	0.6682691168788969	0	0	0	0		1	False	0
abau-SAMN27010270	PBF_P8	Contig:565:42.3994:9218	4	0.0	0.0813335482493257	0.9505295338173818	PBF_P17	Contig:375:28.3095:4369	4	0.0	0.11931824662850488	0.6124803781402423	0	0	0	0		1	False	0
abau-SAMN27010270	PBF_P8	Contig:565:42.3994:9218	4	0.0	0.0813335482493257	0.9505295338173818	PBF_P18	Contig:493:15.0364:4688	4	0.0	0.2822443026516207	0.3368829506383386	0	0	0	0		1	False	0
abau-SAMN27010270	PBF_P8	Contig:565:42.3994:9218	4	0.0	0.0813335482493257	0.9505295338173818	PBF_P19	Contig:76:13.0602:4453	4	0.0	0.31612222531183853	0.292255656191583	0	0	0	0		1	False	0
abau-SAMN27010270	PBF_P8	Contig:565:42.3994:9218	4	0.0	0.0813335482493257	0.9505295338173818	PBF_P20	Contig:433:11.4307:3196	4	0.0	0.2452060201678361	0.26609596185153694	0	0	0	0		1	False	0
abau-SAMN27010270	PBF_P8	Contig:565:42.3994:9218	4	0.0	0.0813335482493257	0.9505295338173818	PBF_P21	Contig:520:15.7847:5144	4	0.0	0.12186299570198555	0.34657723456096384	0	0	0	0		1	False	0
abau-SAMN27010270	PBF_P9	Contig:591:34.684:5339	4	0.0	0.23287028556013278	0.7951048469522937	PBF_P10	Contig:355:29.1161:7891	4	0.0	0.36000339258471425	0.662005053819871	0	0	0	0		1	False	0
abau-SAMN27010270	PBF_P9	Contig:591:34.684:5339	4	0.0	0.23287028556013278	0.7951048469522937	PBF_P11	Contig:221:38.1609:7170,Contig:550:99.1659:2274,Contig:347:59.7027:377	4	0.0	0.38356276900116354	0.5934320153766175	0	0	0	0		1	False	0
abau-SAMN27010270	PBF_P9	Contig:591:34.684:5339	4	0.0	0.23287028556013278	0.7951048469522937	PBF_P12	Contig:452:37.5065:6588	4	0.0	0.10096321510863038	0.8299319797772512	0	0	0	0		1	False	0
abau-SAMN27010270	PBF_P9	Contig:591:34.684:5339	4	0.0	0.23287028556013278	0.7951048469522937	PBF_P13	Contig:61:31.2892:5792	4	0.0	0.23774534099482303	0.6891728137153594	0	0	0	0		1	False	0
abau-SAMN27010270	PBF_P9	Contig:591:34.684:5339	4	0.0	0.23287028556013278	0.7951048469522937	PBF_P14	Contig:490:29.8336:2826	4	0.0	0.1642847594473822	0.6772243015863827	0	0	0	0		1	False	0
abau-SAMN27010270	PBF_P9	Contig:591:34.684:5339	4	0.0	0.23287028556013278	0.7951048469522937	PBF_P15	Contig:350:31.63:2755	4	0.0	0.10359099640981817	0.7230374101034772	0	0	0	0		1	False	0
abau-SAMN27010270	PBF_P9	Contig:591:34.684:5339	4	0.0	0.23287028556013278	0.7951048469522937	PBF_P16	Contig:121:29.1195:3820	4	0.0	0.08570154072246994	0.6682691168788969	0	0	0	0		1	False	0
abau-SAMN27010270	PBF_P9	Contig:591:34.684:5339	4	0.0	0.23287028556013278	0.7951048469522937	PBF_P17	Contig:375:28.3095:4369	4	0.0	0.11931824662850488	0.6124803781402423	0	0	0	0		1	False	0
abau-SAMN27010270	PBF_P9	Contig:591:34.684:5339	4	0.0	0.23287028556013278	0.7951048469522937	PBF_P18	Contig:493:15.0364:4688	4	0.0	0.2822443026516207	0.3368829506383386	0	0	0	0		1	False	0
abau-SAMN27010270	PBF_P9	Contig:591:34.684:5339	4	0.0	0.23287028556013278	0.7951048469522937	PBF_P19	Contig:76:13.0602:4453	4	0.0	0.31612222531183853	0.292255656191583	0	0	0	0		1	False	0
abau-SAMN27010270	PBF_P9	Contig:591:34.684:5339	4	0.0	0.23287028556013278	0.7951048469522937	PBF_P20	Contig:433:11.4307:3196	4	0.0	0.2452060201678361	0.26609596185153694	0	0	0	0		1	False	0
abau-SAMN27010270	PBF_P9	Contig:591:34.684:5339	4	0.0	0.23287028556013278	0.7951048469522937	PBF_P21	Contig:520:15.7847:5144	4	0.0	0.12186299570198555	0.34657723456096384	0	0	0	0		1	False	0
abau-SAMN27010270	PBF_P10	Contig:355:29.1161:7891	4	0.0	0.36000339258471425	0.662005053819871	PBF_P11	Contig:221:38.1609:7170,Contig:550:99.1659:2274,Contig:347:59.7027:377	4	0.0	0.38356276900116354	0.5934320153766175	0	0	0	0		1	False	0
abau-SAMN27010270	PBF_P10	Contig:355:29.1161:7891	4	0.0	0.36000339258471425	0.662005053819871	PBF_P12	Contig:452:37.5065:6588	4	0.0	0.10096321510863038	0.8299319797772512	0	0	0	0		1	False	0
abau-SAMN27010270	PBF_P10	Contig:355:29.1161:7891	4	0.0	0.36000339258471425	0.662005053819871	PBF_P13	Contig:61:31.2892:5792	4	0.0	0.23774534099482303	0.6891728137153594	0	0	0	0		1	False	0
abau-SAMN27010270	PBF_P10	Contig:355:29.1161:7891	4	0.0	0.36000339258471425	0.662005053819871	PBF_P14	Contig:490:29.8336:2826	4	0.0	0.1642847594473822	0.6772243015863827	0	0	0	0		1	False	0
abau-SAMN27010270	PBF_P10	Contig:355:29.1161:7891	4	0.0	0.36000339258471425	0.662005053819871	PBF_P15	Contig:350:31.63:2755	4	0.0	0.10359099640981817	0.7230374101034772	0	0	0	0		1	False	0
abau-SAMN27010270	PBF_P10	Contig:355:29.1161:7891	4	0.0	0.36000339258471425	0.662005053819871	PBF_P16	Contig:121:29.1195:3820	4	0.0	0.08570154072246994	0.6682691168788969	0	0	0	0		1	False	0
abau-SAMN27010270	PBF_P10	Contig:355:29.1161:7891	4	0.0	0.36000339258471425	0.662005053819871	PBF_P17	Contig:375:28.3095:4369	4	0.0	0.11931824662850488	0.6124803781402423	0	0	0	0		1	False	0
abau-SAMN27010270	PBF_P10	Contig:355:29.1161:7891	4	0.0	0.36000339258471425	0.662005053819871	PBF_P18	Contig:493:15.0364:4688	4	0.0	0.2822443026516207	0.3368829506383386	0	0	0	0		1	False	0
abau-SAMN27010270	PBF_P10	Contig:355:29.1161:7891	4	0.0	0.36000339258471425	0.662005053819871	PBF_P19	Contig:76:13.0602:4453	4	0.0	0.31612222531183853	0.292255656191583	0	0	0	0		1	False	0
abau-SAMN27010270	PBF_P10	Contig:355:29.1161:7891	4	0.0	0.36000339258471425	0.662005053819871	PBF_P20	Contig:433:11.4307:3196	4	0.0	0.2452060201678361	0.26609596185153694	0	0	0	0		1	False	0
abau-SAMN27010270	PBF_P10	Contig:355:29.1161:7891	4	0.0	0.36000339258471425	0.662005053819871	PBF_P21	Contig:520:15.7847:5144	4	0.0	0.12186299570198555	0.34657723456096384	0	0	0	0		1	False	0
abau-SAMN27010270	PBF_P11	Contig:221:38.1609:7170,Contig:550:99.1659:2274,Contig:347:59.7027:377	4	0.0	0.38356276900116354	0.5934320153766175	PBF_P12	Contig:452:37.5065:6588	4	0.0	0.10096321510863038	0.8299319797772512	0	0	0	0		1	False	0
abau-SAMN27010270	PBF_P11	Contig:221:38.1609:7170,Contig:550:99.1659:2274,Contig:347:59.7027:377	4	0.0	0.38356276900116354	0.5934320153766175	PBF_P13	Contig:61:31.2892:5792	4	0.0	0.23774534099482303	0.6891728137153594	0	0	0	0		1	False	0
abau-SAMN27010270	PBF_P11	Contig:221:38.1609:7170,Contig:550:99.1659:2274,Contig:347:59.7027:377	4	0.0	0.38356276900116354	0.5934320153766175	PBF_P14	Contig:490:29.8336:2826	4	0.0	0.1642847594473822	0.6772243015863827	0	0	0	0		1	False	0
abau-SAMN27010270	PBF_P11	Contig:221:38.1609:7170,Contig:550:99.1659:2274,Contig:347:59.7027:377	4	0.0	0.38356276900116354	0.5934320153766175	PBF_P15	Contig:350:31.63:2755	4	0.0	0.10359099640981817	0.7230374101034772	0	0	0	0		1	False	0
abau-SAMN27010270	PBF_P11	Contig:221:38.1609:7170,Contig:550:99.1659:2274,Contig:347:59.7027:377	4	0.0	0.38356276900116354	0.5934320153766175	PBF_P16	Contig:121:29.1195:3820	4	0.0	0.08570154072246994	0.6682691168788969	0	0	0	0		1	False	0
abau-SAMN27010270	PBF_P11	Contig:221:38.1609:7170,Contig:550:99.1659:2274,Contig:347:59.7027:377	4	0.0	0.38356276900116354	0.5934320153766175	PBF_P17	Contig:375:28.3095:4369	4	0.0	0.11931824662850488	0.6124803781402423	0	0	0	0		1	False	0
abau-SAMN27010270	PBF_P11	Contig:221:38.1609:7170,Contig:550:99.1659:2274,Contig:347:59.7027:377	4	0.0	0.38356276900116354	0.5934320153766175	PBF_P18	Contig:493:15.0364:4688	4	0.0	0.2822443026516207	0.3368829506383386	0	0	0	0		1	False	0
abau-SAMN27010270	PBF_P11	Contig:221:38.1609:7170,Contig:550:99.1659:2274,Contig:347:59.7027:377	4	0.0	0.38356276900116354	0.5934320153766175	PBF_P19	Contig:76:13.0602:4453	4	0.0	0.31612222531183853	0.292255656191583	0	0	0	0		1	False	0
abau-SAMN27010270	PBF_P11	Contig:221:38.1609:7170,Contig:550:99.1659:2274,Contig:347:59.7027:377	4	0.0	0.38356276900116354	0.5934320153766175	PBF_P20	Contig:433:11.4307:3196	4	0.0	0.2452060201678361	0.26609596185153694	0	0	0	0		1	False	0
abau-SAMN27010270	PBF_P11	Contig:221:38.1609:7170,Contig:550:99.1659:2274,Contig:347:59.7027:377	4	0.0	0.38356276900116354	0.5934320153766175	PBF_P21	Contig:520:15.7847:5144	4	0.0	0.12186299570198555	0.34657723456096384	0	0	0	0		1	False	0
abau-SAMN27010270	PBF_P12	Contig:452:37.5065:6588	4	0.0	0.10096321510863038	0.8299319797772512	PBF_P13	Contig:61:31.2892:5792	4	0.0	0.23774534099482303	0.6891728137153594	0	0	0	0		1	False	0
abau-SAMN27010270	PBF_P12	Contig:452:37.5065:6588	4	0.0	0.10096321510863038	0.8299319797772512	PBF_P14	Contig:490:29.8336:2826	4	0.0	0.1642847594473822	0.6772243015863827	0	0	0	0		1	False	0
abau-SAMN27010270	PBF_P12	Contig:452:37.5065:6588	4	0.0	0.10096321510863038	0.8299319797772512	PBF_P15	Contig:350:31.63:2755	4	0.0	0.10359099640981817	0.7230374101034772	0	0	0	0		1	False	0
abau-SAMN27010270	PBF_P12	Contig:452:37.5065:6588	4	0.0	0.10096321510863038	0.8299319797772512	PBF_P16	Contig:121:29.1195:3820	4	0.0	0.08570154072246994	0.6682691168788969	0	0	0	0		1	False	0
abau-SAMN27010270	PBF_P12	Contig:452:37.5065:6588	4	0.0	0.10096321510863038	0.8299319797772512	PBF_P17	Contig:375:28.3095:4369	4	0.0	0.11931824662850488	0.6124803781402423	0	0	0	0		1	False	0
abau-SAMN27010270	PBF_P12	Contig:452:37.5065:6588	4	0.0	0.10096321510863038	0.8299319797772512	PBF_P18	Contig:493:15.0364:4688	4	0.0	0.2822443026516207	0.3368829506383386	0	0	0	0		1	False	0
abau-SAMN27010270	PBF_P12	Contig:452:37.5065:6588	4	0.0	0.10096321510863038	0.8299319797772512	PBF_P19	Contig:76:13.0602:4453	4	0.0	0.31612222531183853	0.292255656191583	0	0	0	0		1	False	0
abau-SAMN27010270	PBF_P12	Contig:452:37.5065:6588	4	0.0	0.10096321510863038	0.8299319797772512	PBF_P20	Contig:433:11.4307:3196	4	0.0	0.2452060201678361	0.26609596185153694	0	0	0	0		1	False	0
abau-SAMN27010270	PBF_P12	Contig:452:37.5065:6588	4	0.0	0.10096321510863038	0.8299319797772512	PBF_P21	Contig:520:15.7847:5144	4	0.0	0.12186299570198555	0.34657723456096384	0	0	0	0		1	False	0
abau-SAMN27010270	PBF_P13	Contig:61:31.2892:5792	4	0.0	0.23774534099482303	0.6891728137153594	PBF_P14	Contig:490:29.8336:2826	4	0.0	0.1642847594473822	0.6772243015863827	0	0	0	0		1	False	0
abau-SAMN27010270	PBF_P13	Contig:61:31.2892:5792	4	0.0	0.23774534099482303	0.6891728137153594	PBF_P15	Contig:350:31.63:2755	4	0.0	0.10359099640981817	0.7230374101034772	0	0	0	0		1	False	0
abau-SAMN27010270	PBF_P13	Contig:61:31.2892:5792	4	0.0	0.23774534099482303	0.6891728137153594	PBF_P16	Contig:121:29.1195:3820	4	0.0	0.08570154072246994	0.6682691168788969	0	0	0	0		1	False	0
abau-SAMN27010270	PBF_P13	Contig:61:31.2892:5792	4	0.0	0.23774534099482303	0.6891728137153594	PBF_P17	Contig:375:28.3095:4369	4	0.0	0.11931824662850488	0.6124803781402423	0	0	0	0		1	False	0
abau-SAMN27010270	PBF_P13	Contig:61:31.2892:5792	4	0.0	0.23774534099482303	0.6891728137153594	PBF_P18	Contig:493:15.0364:4688	4	0.0	0.2822443026516207	0.3368829506383386	0	0	0	0		1	False	0
abau-SAMN27010270	PBF_P13	Contig:61:31.2892:5792	4	0.0	0.23774534099482303	0.6891728137153594	PBF_P19	Contig:76:13.0602:4453	4	0.0	0.31612222531183853	0.292255656191583	0	0	0	0		1	False	0
abau-SAMN27010270	PBF_P13	Contig:61:31.2892:5792	4	0.0	0.23774534099482303	0.6891728137153594	PBF_P20	Contig:433:11.4307:3196	4	0.0	0.2452060201678361	0.26609596185153694	0	0	0	0		1	False	0
abau-SAMN27010270	PBF_P13	Contig:61:31.2892:5792	4	0.0	0.23774534099482303	0.6891728137153594	PBF_P21	Contig:520:15.7847:5144	4	0.0	0.12186299570198555	0.34657723456096384	0	0	0	0		1	False	0
abau-SAMN27010270	PBF_P14	Contig:490:29.8336:2826	4	0.0	0.1642847594473822	0.6772243015863827	PBF_P15	Contig:350:31.63:2755	4	0.0	0.10359099640981817	0.7230374101034772	0	0	0	0		1	False	0
abau-SAMN27010270	PBF_P14	Contig:490:29.8336:2826	4	0.0	0.1642847594473822	0.6772243015863827	PBF_P16	Contig:121:29.1195:3820	4	0.0	0.08570154072246994	0.6682691168788969	0	0	0	0		1	False	0
abau-SAMN27010270	PBF_P14	Contig:490:29.8336:2826	4	0.0	0.1642847594473822	0.6772243015863827	PBF_P17	Contig:375:28.3095:4369	4	0.0	0.11931824662850488	0.6124803781402423	0	0	0	0		1	False	0
abau-SAMN27010270	PBF_P14	Contig:490:29.8336:2826	4	0.0	0.1642847594473822	0.6772243015863827	PBF_P18	Contig:493:15.0364:4688	4	0.0	0.2822443026516207	0.3368829506383386	0	0	0	0		1	False	0
abau-SAMN27010270	PBF_P14	Contig:490:29.8336:2826	4	0.0	0.1642847594473822	0.6772243015863827	PBF_P19	Contig:76:13.0602:4453	4	0.0	0.31612222531183853	0.292255656191583	0	0	0	0		1	False	0
abau-SAMN27010270	PBF_P14	Contig:490:29.8336:2826	4	0.0	0.1642847594473822	0.6772243015863827	PBF_P20	Contig:433:11.4307:3196	4	0.0	0.2452060201678361	0.26609596185153694	0	0	0	0		1	False	0
abau-SAMN27010270	PBF_P14	Contig:490:29.8336:2826	4	0.0	0.1642847594473822	0.6772243015863827	PBF_P21	Contig:520:15.7847:5144	4	0.0	0.12186299570198555	0.34657723456096384	0	0	0	0		1	False	0
abau-SAMN27010270	PBF_P15	Contig:350:31.63:2755	4	0.0	0.10359099640981817	0.7230374101034772	PBF_P16	Contig:121:29.1195:3820	4	0.0	0.08570154072246994	0.6682691168788969	0	0	0	0		1	False	0
abau-SAMN27010270	PBF_P15	Contig:350:31.63:2755	4	0.0	0.10359099640981817	0.7230374101034772	PBF_P17	Contig:375:28.3095:4369	4	0.0	0.11931824662850488	0.6124803781402423	0	0	0	0		1	False	0
abau-SAMN27010270	PBF_P15	Contig:350:31.63:2755	4	0.0	0.10359099640981817	0.7230374101034772	PBF_P18	Contig:493:15.0364:4688	4	0.0	0.2822443026516207	0.3368829506383386	0	0	0	0		1	False	0
abau-SAMN27010270	PBF_P15	Contig:350:31.63:2755	4	0.0	0.10359099640981817	0.7230374101034772	PBF_P19	Contig:76:13.0602:4453	4	0.0	0.31612222531183853	0.292255656191583	0	0	0	0		1	False	0
abau-SAMN27010270	PBF_P15	Contig:350:31.63:2755	4	0.0	0.10359099640981817	0.7230374101034772	PBF_P20	Contig:433:11.4307:3196	4	0.0	0.2452060201678361	0.26609596185153694	0	0	0	0		1	False	0
abau-SAMN27010270	PBF_P15	Contig:350:31.63:2755	4	0.0	0.10359099640981817	0.7230374101034772	PBF_P21	Contig:520:15.7847:5144	4	0.0	0.12186299570198555	0.34657723456096384	0	0	0	0		1	False	0
abau-SAMN27010270	PBF_P16	Contig:121:29.1195:3820	4	0.0	0.08570154072246994	0.6682691168788969	PBF_P17	Contig:375:28.3095:4369	4	0.0	0.11931824662850488	0.6124803781402423	0	0	0	0		1	False	0
abau-SAMN27010270	PBF_P16	Contig:121:29.1195:3820	4	0.0	0.08570154072246994	0.6682691168788969	PBF_P18	Contig:493:15.0364:4688	4	0.0	0.2822443026516207	0.3368829506383386	0	0	0	0		1	False	0
abau-SAMN27010270	PBF_P16	Contig:121:29.1195:3820	4	0.0	0.08570154072246994	0.6682691168788969	PBF_P19	Contig:76:13.0602:4453	4	0.0	0.31612222531183853	0.292255656191583	0	0	0	0		1	False	0
abau-SAMN27010270	PBF_P16	Contig:121:29.1195:3820	4	0.0	0.08570154072246994	0.6682691168788969	PBF_P20	Contig:433:11.4307:3196	4	0.0	0.2452060201678361	0.26609596185153694	0	0	0	0		1	False	0
abau-SAMN27010270	PBF_P16	Contig:121:29.1195:3820	4	0.0	0.08570154072246994	0.6682691168788969	PBF_P21	Contig:520:15.7847:5144	4	0.0	0.12186299570198555	0.34657723456096384	0	0	0	0		1	False	0
abau-SAMN27010270	PBF_P17	Contig:375:28.3095:4369	4	0.0	0.11931824662850488	0.6124803781402423	PBF_P18	Contig:493:15.0364:4688	4	0.0	0.2822443026516207	0.3368829506383386	0	0	0	0		1	False	0
abau-SAMN27010270	PBF_P17	Contig:375:28.3095:4369	4	0.0	0.11931824662850488	0.6124803781402423	PBF_P19	Contig:76:13.0602:4453	4	0.0	0.31612222531183853	0.292255656191583	0	0	0	0		1	False	0
abau-SAMN27010270	PBF_P17	Contig:375:28.3095:4369	4	0.0	0.11931824662850488	0.6124803781402423	PBF_P20	Contig:433:11.4307:3196	4	0.0	0.2452060201678361	0.26609596185153694	0	0	0	0		1	False	0
abau-SAMN27010270	PBF_P17	Contig:375:28.3095:4369	4	0.0	0.11931824662850488	0.6124803781402423	PBF_P21	Contig:520:15.7847:5144	4	0.0	0.12186299570198555	0.34657723456096384	0	0	0	0		1	False	0
abau-SAMN27010270	PBF_P18	Contig:493:15.0364:4688	4	0.0	0.2822443026516207	0.3368829506383386	PBF_P19	Contig:76:13.0602:4453	4	0.0	0.31612222531183853	0.292255656191583	0	0	0	0		1	False	0
abau-SAMN27010270	PBF_P18	Contig:493:15.0364:4688	4	0.0	0.2822443026516207	0.3368829506383386	PBF_P20	Contig:433:11.4307:3196	4	0.0	0.2452060201678361	0.26609596185153694	0	0	0	0		1	False	0
abau-SAMN27010270	PBF_P18	Contig:493:15.0364:4688	4	0.0	0.2822443026516207	0.3368829506383386	PBF_P21	Contig:520:15.7847:5144	4	0.0	0.12186299570198555	0.34657723456096384	0	0	0	0		1	False	0
abau-SAMN27010270	PBF_P19	Contig:76:13.0602:4453	4	0.0	0.31612222531183853	0.292255656191583	PBF_P20	Contig:433:11.4307:3196	4	0.0	0.2452060201678361	0.26609596185153694	0	0	0	0		1	False	0
abau-SAMN27010270	PBF_P19	Contig:76:13.0602:4453	4	0.0	0.31612222531183853	0.292255656191583	PBF_P21	Contig:520:15.7847:5144	4	0.0	0.12186299570198555	0.34657723456096384	0	0	0	0		1	False	0
abau-SAMN27010270	PBF_P20	Contig:433:11.4307:3196	4	0.0	0.2452060201678361	0.26609596185153694	PBF_P21	Contig:520:15.7847:5144	4	0.0	0.12186299570198555	0.34657723456096384	0	0	0	0		1	False	0